Lorax,1,29.03.2021 17:03:30
Lorax,1,29.03.2021 17:03:58
Lorax,1,29.03.2021 17:34:22
Lorax,1,29.03.2021 17:34:43
GURU SHOP 24,1,30.03.2021 08:44:59
GURU SHOP 24,1,30.03.2021 08:45:10
GURU SHOP 24,1,30.03.2021 08:45:21
GURU SHOP 24,1,30.03.2021 08:46:50
GURU SHOP 24,1,30.03.2021 08:47:00
LORAX,1,30.03.2021 08:49:08
LORAX,1,30.03.2021 08:49:18
LORAX,1,30.03.2021 08:51:38
KLO,1,30.03.2021 08:53:06
KLO,1,30.03.2021 08:53:18
kloi,1,30.03.2021 08:54:20
kloi,1,30.03.2021 08:54:29
sdd,1,30.03.2021 08:55:17
sdd,1,30.03.2021 08:55:27
LORAX,1,30.03.2021 08:59:24
LORAX,1,30.03.2021 08:59:34
LORAX,1,30.03.2021 08:59:48
LORAX,1,30.03.2021 09:03:56
LORAX,1,30.03.2021 09:04:07
KLO,1,30.03.2021 09:07:12
KLO,1,30.03.2021 09:07:19
KLO,1,30.03.2021 09:10:00
lo,1,30.03.2021 10:54:21
lo,1,30.03.2021 10:54:29
lo,1,30.03.2021 10:54:37
LORAX,1,30.03.2021 10:58:57
LORAX,1,30.03.2021 10:59:22
LORAX,1,30.03.2021 10:59:49
p,1,30.03.2021 11:02:04
BAY,1,30.03.2021 11:14:26
ll,1,30.03.2021 11:19:53
äää,1,30.03.2021 11:20:49
dd,1,30.03.2021 11:22:01
l,1,30.03.2021 11:37:25
ee,1,30.03.2021 11:53:32
er,1,30.03.2021 14:49:26
fr,1,30.03.2021 16:18:18
fr,1,30.03.2021 16:19:02
Lorax,1,31.03.2021 08:04:41
Lorax,1,31.03.2021 08:05:03
Lorax,1,31.03.2021 08:21:32
lorax,1,31.03.2021 08:25:17
lorax,1,31.03.2021 08:25:26
lorax,1,31.03.2021 08:25:48
null,1,31.03.2021 09:54:45
null,1,31.03.2021 09:55:02
null,1,31.03.2021 15:56:07
null,1,31.03.2021 18:07:32
null,1,31.03.2021 18:07:54
null,1,31.03.2021 18:08:10
null,1,31.03.2021 18:10:34
null,1,31.03.2021 18:12:32
null,1,31.03.2021 18:15:25
null,1,31.03.2021 18:15:41
null,1,31.03.2021 18:15:52
null,1,31.03.2021 18:20:26
null,1,31.03.2021 18:22:19
null,1,31.03.2021 18:22:52
null,1,31.03.2021 18:23:05
null,1,31.03.2021 18:27:15
null,1,31.03.2021 18:27:24
null,1,31.03.2021 18:29:30
null,1,31.03.2021 18:30:23
null,1,31.03.2021 18:30:39
null,1,31.03.2021 18:30:57
null,1,31.03.2021 18:32:51
null,1,31.03.2021 18:33:12
null,1,31.03.2021 18:44:48
null,1,31.03.2021 18:46:31
null,1,31.03.2021 18:47:05
null,1,31.03.2021 18:48:07
null,1,01.04.2021 07:55:26
null,1,01.04.2021 07:58:25
null,1,01.04.2021 07:58:35
null,1,01.04.2021 07:59:46
null,1,01.04.2021 08:20:01
null,1,01.04.2021 08:25:01
null,1,01.04.2021 08:42:10
null,1,01.04.2021 08:43:08
null,1,01.04.2021 08:44:26
null,1,01.04.2021 08:45:38
null,1,01.04.2021 08:47:11
null,1,01.04.2021 08:50:48
null,1,01.04.2021 08:51:43
null,1,01.04.2021 08:52:27
null,1,01.04.2021 08:52:51
null,1,01.04.2021 08:53:13
null,1,01.04.2021 08:54:22
null,1,01.04.2021 09:54:52
null,1,01.04.2021 10:57:50
null,1,01.04.2021 11:01:02
